{"VOC":1.0508101883921162,"PM":7.222639439218642,"NH3":"Infinity","CO":206.22096460563097,"FC":887.9675575436962,"NOx":20.649040493444225,"N2O":"Infinity","CH4":0.12496840563840052}