{"PM":6.682507847303861,"CO":9.60304463143646,"N2O":"Infinity","CH4":0.07742983843228336,"NH3":"Infinity","VOC":2.705643908492414,"NOx":3.6617824434440416,"FC":1576.7777959298535}